Position,WT_AA,Mut_AA,Mutation,FoldX_ddG,Effect,ThermoMPNN_ddG,Difference
1,G,C,G1C,-0.0153722,Neutral,,
3,T,K,T3K,-1.26554,Stabilizing,0.0918,-1.3573400000000002
7,E,G,E7G,-2.47929,Stabilizing,-0.0692,-2.4100900000000003
11,Y,L,Y11L,0.0846511,Neutral,0.3522,-0.2675489
13,T,S,T13S,-0.472561,Neutral,0.7588,-1.2313610000000001
17,K,R,K17R,0.202766,Neutral,-0.0261,0.228866
21,Y,F,Y21F,-0.737485,Neutral,0.0312,-0.768685
24,R,A,R24A,-0.170981,Neutral,0.0009,-0.171881
27,E,K,E27K,-0.75196,Neutral,0.8553,-1.60726
32,K,M,K32M,-0.0109608,Neutral,-0.0603,0.0493392
