timestamp,gpu_util_percent,memory_used_mb,memory_total_mb,temperature_c,power_draw_w
2026/01/31 02:22:24.349, 0, 1, 16384, 34, 5.54
2026/01/31 02:22:54.362, 0, 1, 16384, 31, 4.88
2026/01/31 02:23:24.372, 0, 4, 16384, 29, 4.94
2026/01/31 02:23:54.381, 0, 4, 16384, 28, 5.34
2026/01/31 02:24:24.391, 0, 4, 16384, 28, 4.91
2026/01/31 02:24:54.401, 0, 4, 16384, 27, 5.09
2026/01/31 02:25:24.409, 0, 4, 16384, 27, 4.96
2026/01/31 02:25:54.418, 0, 188, 16384, 41, 43.60
2026/01/31 02:26:24.423, 100, 2732, 16384, 54, 213.49
2026/01/31 02:26:54.429, 0, 4, 16384, 40, 5.71
2026/01/31 02:27:24.438, 0, 4, 16384, 33, 5.60
2026/01/31 02:27:54.448, 0, 188, 16384, 46, 44.13
2026/01/31 02:28:24.476, 97, 2714, 16384, 69, 225.24
2026/01/31 02:28:54.481, 0, 4, 16384, 39, 6.29
2026/01/31 02:29:24.490, 0, 4, 16384, 33, 5.07
2026/01/31 02:29:54.499, 0, 188, 16384, 42, 43.61
2026/01/31 02:30:24.504, 97, 2758, 16384, 81, 229.60
2026/01/31 02:30:54.510, 0, 4, 16384, 36, 5.13
2026/01/31 02:31:24.519, 100, 2686, 16384, 61, 214.24
2026/01/31 02:31:54.526, 0, 188, 16384, 37, 5.12
2026/01/31 02:32:24.535, 0, 4, 16384, 51, 44.76
2026/01/31 02:32:54.540, 0, 4, 16384, 34, 5.00
2026/01/31 02:33:24.549, 0, 188, 16384, 45, 44.02
2026/01/31 02:33:54.554, 97, 2716, 16384, 74, 234.85
2026/01/31 02:34:24.563, 0, 4, 16384, 35, 5.27
2026/01/31 02:34:54.572, 3, 2352, 16384, 31, 42.38
2026/01/31 02:35:24.577, 0, 188, 16384, 32, 6.56
2026/01/31 02:35:54.586, 0, 186, 16384, 54, 45.05
2026/01/31 02:36:24.592, 0, 4, 16384, 29, 4.73
2026/01/31 02:36:54.602, 0, 188, 16384, 42, 43.99
2026/01/31 02:37:24.607, 100, 2706, 16384, 62, 205.77
2026/01/31 02:37:54.612, 0, 4, 16384, 34, 5.45
2026/01/31 02:38:24.621, 0, 4, 16384, 28, 4.83
2026/01/31 02:38:54.630, 0, 188, 16384, 36, 43.02
2026/01/31 02:39:24.635, 97, 2728, 16384, 76, 217.58
2026/01/31 02:39:54.641, 0, 4, 16384, 30, 5.51
2026/01/31 02:40:24.650, 100, 2686, 16384, 41, 208.09
2026/01/31 02:40:54.657, 0, 188, 16384, 31, 4.91
2026/01/31 02:41:24.665, 0, 150, 16384, 51, 44.75
2026/01/31 02:41:54.670, 0, 4, 16384, 29, 5.30
2026/01/31 02:42:24.680, 0, 188, 16384, 39, 43.25
2026/01/31 02:42:54.685, 97, 2706, 16384, 68, 215.93
2026/01/31 02:43:24.691, 0, 4, 16384, 33, 4.84
2026/01/31 02:43:54.700, 0, 4, 16384, 27, 5.35
2026/01/31 02:44:24.709, 0, 2248, 16384, 29, 41.05
2026/01/31 02:44:54.714, 0, 188, 16384, 31, 10.23
2026/01/31 02:45:24.723, 2, 186, 16384, 53, 44.97
2026/01/31 02:45:54.728, 0, 4, 16384, 29, 4.77
2026/01/31 02:46:24.737, 50, 2676, 16384, 50, 121.87
2026/01/31 02:46:54.743, 0, 188, 16384, 29, 4.72
2026/01/31 02:47:24.752, 0, 4, 16384, 41, 6.24
2026/01/31 02:47:54.761, 0, 4, 16384, 28, 4.83
2026/01/31 02:48:24.770, 0, 188, 16384, 37, 42.84
2026/01/31 02:48:54.775, 97, 2710, 16384, 72, 217.97
2026/01/31 02:49:24.781, 0, 4, 16384, 31, 5.11
2026/01/31 02:49:54.790, 100, 2686, 16384, 51, 208.28
2026/01/31 02:50:24.796, 0, 188, 16384, 31, 4.90
2026/01/31 02:50:54.805, 2, 4, 16384, 49, 44.64
2026/01/31 02:51:24.810, 0, 4, 16384, 29, 5.20
2026/01/31 02:51:54.818, 0, 188, 16384, 39, 43.27
2026/01/31 02:52:24.823, 97, 2728, 16384, 66, 227.94
2026/01/31 02:52:54.832, 0, 4, 16384, 33, 8.02
2026/01/31 02:53:24.841, 0, 4, 16384, 27, 5.33
2026/01/31 02:53:54.849, 0, 188, 16384, 35, 42.63
2026/01/31 02:54:24.854, 97, 2732, 16384, 74, 209.52
2026/01/31 02:54:54.860, 0, 4, 16384, 30, 5.28
2026/01/31 02:55:24.869, 10, 2678, 16384, 49, 54.69
2026/01/31 02:55:54.875, 100, 2708, 16384, 55, 207.63
2026/01/31 02:56:24.881, 0, 4, 16384, 35, 5.34
2026/01/31 02:56:54.890, 0, 4, 16384, 28, 4.98
2026/01/31 02:57:24.898, 0, 188, 16384, 37, 42.89
2026/01/31 02:57:54.904, 97, 2716, 16384, 71, 225.04
2026/01/31 02:58:24.909, 0, 4, 16384, 32, 5.31
2026/01/31 02:58:54.918, 0, 4, 16384, 27, 5.00
2026/01/31 02:59:24.927, 0, 188, 16384, 35, 43.01
2026/01/31 02:59:54.932, 97, 2728, 16384, 77, 229.30
2026/01/31 03:00:24.939, 0, 4, 16384, 30, 5.72
2026/01/31 03:00:54.948, 66, 2728, 16384, 55, 140.95
2026/01/31 03:01:24.954, 0, 2328, 16384, 32, 42.24
2026/01/31 03:01:54.959, 0, 4, 16384, 37, 5.38
2026/01/31 03:02:24.969, 0, 4, 16384, 28, 5.28
2026/01/31 03:02:54.978, 0, 4, 16384, 26, 4.92
2026/01/31 03:03:24.987, 0, 188, 16384, 36, 42.55
2026/01/31 03:03:54.992, 97, 2716, 16384, 73, 226.63
2026/01/31 03:04:24.998, 0, 4, 16384, 31, 5.27
2026/01/31 03:04:55.007, 27, 2740, 16384, 52, 116.20
2026/01/31 03:05:25.012, 0, 188, 16384, 30, 5.39
2026/01/31 03:05:55.021, 0, 4, 16384, 48, 44.59
2026/01/31 03:06:25.027, 0, 4, 16384, 29, 4.88
2026/01/31 03:06:55.037, 0, 188, 16384, 38, 43.52
2026/01/31 03:07:25.042, 97, 2716, 16384, 71, 216.24
2026/01/31 03:07:55.049, 0, 4, 16384, 32, 5.40
2026/01/31 03:08:25.057, 0, 2248, 16384, 30, 41.76
2026/01/31 03:08:55.063, 0, 188, 16384, 32, 10.05
2026/01/31 03:09:25.072, 25, 186, 16384, 54, 47.44
2026/01/31 03:09:55.076, 0, 4, 16384, 29, 4.89
2026/01/31 03:10:25.085, 51, 2740, 16384, 50, 118.04
2026/01/31 03:10:55.090, 0, 188, 16384, 29, 4.77
2026/01/31 03:11:25.099, 0, 4, 16384, 39, 6.63
2026/01/31 03:11:55.108, 0, 4, 16384, 28, 5.10
2026/01/31 03:12:25.116, 0, 188, 16384, 39, 43.59
2026/01/31 03:12:55.121, 97, 2716, 16384, 65, 223.78
2026/01/31 03:13:25.129, 0, 4, 16384, 33, 5.64
2026/01/31 03:13:55.138, 21, 1084, 16384, 29, 42.31
2026/01/31 03:14:25.143, 0, 188, 16384, 32, 5.36
2026/01/31 03:14:55.152, 7, 2732, 16384, 57, 60.39
2026/01/31 03:15:25.157, 0, 4, 16384, 29, 5.30
2026/01/31 03:15:55.166, 24, 188, 16384, 43, 44.18
2026/01/31 03:16:25.171, 100, 2722, 16384, 60, 211.71
2026/01/31 03:16:55.177, 0, 4, 16384, 34, 4.98
2026/01/31 03:17:25.185, 0, 4, 16384, 27, 5.01
2026/01/31 03:17:55.194, 0, 188, 16384, 37, 42.85
2026/01/31 03:18:25.200, 97, 2728, 16384, 73, 218.71
2026/01/31 03:18:55.207, 0, 4, 16384, 31, 5.12
2026/01/31 03:19:25.216, 100, 2622, 16384, 56, 207.25
2026/01/31 03:19:55.221, 0, 188, 16384, 31, 5.13
2026/01/31 03:20:25.231, 0, 186, 16384, 51, 44.72
2026/01/31 03:20:55.237, 0, 4, 16384, 29, 5.05
2026/01/31 03:21:25.246, 0, 4, 16384, 26, 4.96
2026/01/31 03:21:55.255, 10, 2740, 16384, 44, 52.98
2026/01/31 03:22:25.260, 100, 2730, 16384, 56, 210.28
2026/01/31 03:22:55.269, 0, 4, 16384, 35, 5.46
2026/01/31 03:23:25.278, 0, 4, 16384, 28, 5.04
2026/01/31 03:23:55.287, 0, 188, 16384, 35, 42.82
2026/01/31 03:24:25.292, 97, 2728, 16384, 76, 227.83
2026/01/31 03:24:55.298, 0, 4, 16384, 30, 5.11
2026/01/31 03:25:25.307, 64, 2736, 16384, 52, 138.32
2026/01/31 03:25:55.312, 0, 188, 16384, 29, 5.23
2026/01/31 03:26:25.321, 0, 4, 16384, 41, 5.84
2026/01/31 03:26:55.330, 0, 4, 16384, 28, 4.96
2026/01/31 03:27:25.339, 0, 188, 16384, 37, 42.97
2026/01/31 03:27:55.344, 96, 2728, 16384, 69, 218.34
2026/01/31 03:28:25.354, 0, 4, 16384, 32, 5.06
2026/01/31 03:28:55.363, 0, 4, 16384, 27, 4.97
2026/01/31 03:29:25.373, 0, 188, 16384, 35, 42.74
2026/01/31 03:29:55.378, 96, 2728, 16384, 76, 213.01
2026/01/31 03:30:25.383, 0, 4, 16384, 30, 4.98
2026/01/31 03:30:55.391, 64, 2676, 16384, 52, 137.95
2026/01/31 03:31:25.396, 0, 188, 16384, 29, 4.99
2026/01/31 03:31:55.405, 0, 4, 16384, 39, 6.00
2026/01/31 03:32:25.414, 0, 4, 16384, 28, 4.96
2026/01/31 03:32:55.423, 0, 188, 16384, 41, 43.77
2026/01/31 03:33:25.428, 100, 2722, 16384, 62, 215.20
2026/01/31 03:33:55.433, 0, 4, 16384, 34, 5.44
2026/01/31 03:34:25.442, 0, 4, 16384, 27, 5.16
2026/01/31 03:34:55.451, 0, 188, 16384, 37, 42.46
2026/01/31 03:35:25.456, 96, 2738, 16384, 68, 213.34
2026/01/31 03:35:55.462, 0, 4, 16384, 32, 5.17
2026/01/31 03:36:25.471, 100, 2686, 16384, 42, 205.41
2026/01/31 03:36:55.476, 0, 188, 16384, 31, 5.15
2026/01/31 03:37:25.485, 0, 186, 16384, 52, 44.92
2026/01/31 03:37:55.491, 0, 4, 16384, 29, 5.20
2026/01/31 03:38:25.500, 51, 2736, 16384, 51, 118.34
2026/01/31 03:38:55.506, 41, 2730, 16384, 36, 129.08
2026/01/31 03:39:25.511, 0, 4, 16384, 36, 5.43
2026/01/31 03:39:55.520, 0, 4, 16384, 28, 4.75
2026/01/31 03:40:25.530, 0, 4, 16384, 26, 5.30
2026/01/31 03:40:55.539, 0, 188, 16384, 34, 20.69
2026/01/31 03:41:25.564, 7, 2732, 16384, 63, 62.56
2026/01/31 03:41:55.569, 0, 4, 16384, 29, 5.72
2026/01/31 03:42:25.578, 0, 188, 16384, 41, 43.61
2026/01/31 03:42:55.583, 100, 2720, 16384, 61, 211.90
2026/01/31 03:43:25.589, 0, 4, 16384, 34, 5.01
2026/01/31 03:43:55.598, 0, 4, 16384, 27, 5.01
2026/01/31 03:44:25.607, 0, 188, 16384, 36, 42.76
2026/01/31 03:44:55.612, 96, 2728, 16384, 75, 211.86
2026/01/31 03:45:25.618, 0, 4, 16384, 30, 4.92
2026/01/31 03:45:55.627, 65, 2730, 16384, 54, 139.70
2026/01/31 03:46:25.632, 4, 494, 16384, 30, 23.59
2026/01/31 03:46:55.637, 0, 4, 16384, 38, 6.24
2026/01/31 03:47:25.646, 0, 4, 16384, 28, 4.73
2026/01/31 03:47:55.655, 0, 188, 16384, 37, 42.88
2026/01/31 03:48:25.659, 97, 2736, 16384, 72, 212.21
2026/01/31 03:48:55.666, 0, 4, 16384, 31, 5.26
2026/01/31 03:49:25.674, 100, 2686, 16384, 49, 206.64
2026/01/31 03:49:55.711, 0, 188, 16384, 32, 5.23
2026/01/31 03:50:25.720, 0, 186, 16384, 53, 44.93
2026/01/31 03:50:55.725, 0, 4, 16384, 29, 5.08
2026/01/31 03:51:25.735, 0, 188, 16384, 42, 43.73
2026/01/31 03:51:55.740, 100, 2732, 16384, 61, 212.17
2026/01/31 03:52:25.745, 0, 4, 16384, 34, 5.38
2026/01/31 03:52:55.755, 0, 4, 16384, 27, 4.92
2026/01/31 03:53:25.763, 0, 188, 16384, 36, 42.38
2026/01/31 03:53:55.768, 96, 2738, 16384, 74, 226.38
2026/01/31 03:54:25.774, 0, 4, 16384, 30, 5.03
2026/01/31 03:54:55.782, 64, 2730, 16384, 53, 139.48
2026/01/31 03:55:25.788, 0, 188, 16384, 29, 5.09
2026/01/31 03:55:55.797, 0, 4, 16384, 39, 6.58
2026/01/31 03:56:25.806, 0, 4, 16384, 28, 4.90
2026/01/31 03:56:55.814, 0, 188, 16384, 37, 43.03
2026/01/31 03:57:25.819, 97, 2728, 16384, 71, 227.98
2026/01/31 03:57:55.824, 0, 4, 16384, 32, 6.02
2026/01/31 03:58:25.837, 0, 4, 16384, 27, 8.35
2026/01/31 03:58:55.845, 100, 2686, 16384, 46, 199.81
2026/01/31 03:59:25.851, 0, 188, 16384, 31, 5.15
2026/01/31 03:59:55.859, 0, 150, 16384, 50, 44.74
2026/01/31 04:00:25.864, 0, 4, 16384, 29, 5.09
2026/01/31 04:00:55.873, 0, 4, 16384, 26, 4.82
2026/01/31 04:01:25.881, 0, 4, 16384, 25, 5.13
2026/01/31 04:01:55.890, 0, 4, 16384, 25, 5.43
2026/01/31 04:02:25.898, 0, 4, 16384, 25, 5.36
2026/01/31 04:02:55.906, 0, 4, 16384, 25, 5.20
2026/01/31 04:03:25.914, 0, 4, 16384, 25, 4.82
2026/01/31 04:03:55.924, 1, 2314, 16384, 28, 41.59
2026/01/31 04:04:25.929, 0, 188, 16384, 31, 5.08
2026/01/31 04:04:55.943, 17, 186, 16384, 54, 48.05
2026/01/31 04:05:25.949, 0, 4, 16384, 28, 4.94
2026/01/31 04:05:55.958, 64, 2736, 16384, 54, 139.47
2026/01/31 04:06:25.963, 100, 2730, 16384, 42, 208.60
2026/01/31 04:06:55.972, 0, 4, 16384, 36, 5.39
2026/01/31 04:07:25.980, 0, 4, 16384, 28, 4.96
2026/01/31 04:07:55.989, 0, 188, 16384, 36, 42.69
2026/01/31 04:08:25.994, 96, 2728, 16384, 74, 216.77
2026/01/31 04:08:56.000, 0, 4, 16384, 30, 5.07
2026/01/31 04:09:26.009, 65, 2728, 16384, 53, 140.05
2026/01/31 04:09:56.014, 0, 188, 16384, 29, 5.24
2026/01/31 04:10:26.023, 0, 4, 16384, 39, 6.02
2026/01/31 04:10:56.032, 0, 4, 16384, 28, 4.87
2026/01/31 04:11:26.041, 9, 2668, 16384, 45, 52.29
2026/01/31 04:11:56.058, 100, 2698, 16384, 54, 208.85
2026/01/31 04:12:26.064, 0, 4, 16384, 35, 5.79
2026/01/31 04:12:56.074, 0, 4, 16384, 28, 5.03
2026/01/31 04:13:26.083, 0, 188, 16384, 36, 42.94
2026/01/31 04:13:56.087, 96, 2738, 16384, 75, 215.92
2026/01/31 04:14:26.092, 0, 4, 16384, 30, 4.96
2026/01/31 04:14:56.101, 52, 2648, 16384, 51, 120.18
2026/01/31 04:15:26.106, 0, 188, 16384, 29, 5.06
2026/01/31 04:15:56.115, 0, 4, 16384, 38, 5.46
2026/01/31 04:16:26.124, 0, 4, 16384, 28, 4.85
2026/01/31 04:16:56.133, 0, 188, 16384, 41, 43.90
2026/01/31 04:17:26.138, 97, 2738, 16384, 64, 217.99
2026/01/31 04:17:56.144, 0, 4, 16384, 34, 5.68
2026/01/31 04:18:26.153, 0, 4, 16384, 27, 5.19
2026/01/31 04:18:56.162, 0, 188, 16384, 35, 42.20
2026/01/31 04:19:26.166, 95, 2728, 16384, 77, 229.01
2026/01/31 04:19:56.172, 0, 4, 16384, 30, 4.98
2026/01/31 04:20:26.181, 0, 4, 16384, 27, 5.04
2026/01/31 04:20:56.190, 0, 188, 16384, 41, 43.79
2026/01/31 04:21:26.194, 100, 2722, 16384, 61, 209.58
2026/01/31 04:21:56.200, 0, 4, 16384, 34, 5.25
2026/01/31 04:22:26.209, 0, 4, 16384, 27, 5.01
2026/01/31 04:22:56.217, 0, 188, 16384, 36, 42.85
2026/01/31 04:23:26.223, 97, 2738, 16384, 73, 226.90
2026/01/31 04:23:56.228, 0, 4, 16384, 31, 5.01
2026/01/31 04:24:26.237, 64, 2676, 16384, 53, 138.09
2026/01/31 04:24:56.242, 0, 188, 16384, 30, 5.00
2026/01/31 04:25:26.251, 0, 4, 16384, 41, 7.38
2026/01/31 04:25:56.259, 0, 4, 16384, 28, 5.28
2026/01/31 04:26:26.269, 9, 2732, 16384, 46, 54.18
2026/01/31 04:26:56.273, 100, 2722, 16384, 55, 208.92
2026/01/31 04:27:26.279, 0, 4, 16384, 35, 5.38
2026/01/31 04:27:56.288, 0, 4, 16384, 28, 5.12
2026/01/31 04:28:26.297, 0, 188, 16384, 36, 42.96
2026/01/31 04:28:56.302, 97, 2728, 16384, 76, 216.27
2026/01/31 04:29:26.307, 0, 4, 16384, 30, 5.07
2026/01/31 04:29:56.317, 100, 2694, 16384, 47, 204.96
2026/01/31 04:30:26.322, 0, 188, 16384, 31, 5.18
2026/01/31 04:30:56.331, 0, 150, 16384, 50, 44.74
2026/01/31 04:31:26.336, 0, 4, 16384, 29, 4.72
2026/01/31 04:31:56.345, 51, 2740, 16384, 50, 121.13
2026/01/31 04:32:26.350, 0, 188, 16384, 29, 5.50
2026/01/31 04:32:56.359, 0, 4, 16384, 38, 5.97
2026/01/31 04:33:26.369, 0, 4, 16384, 28, 4.78
2026/01/31 04:33:56.377, 0, 188, 16384, 36, 43.01
2026/01/31 04:34:26.382, 96, 2728, 16384, 73, 224.78
2026/01/31 04:34:56.389, 0, 4, 16384, 31, 5.11
2026/01/31 04:35:26.398, 63, 2736, 16384, 53, 137.89
2026/01/31 04:35:56.404, 0, 188, 16384, 30, 4.86
2026/01/31 04:36:26.412, 0, 4, 16384, 40, 7.42
2026/01/31 04:36:56.421, 0, 4, 16384, 28, 4.89
2026/01/31 04:37:26.430, 0, 188, 16384, 42, 44.05
2026/01/31 04:37:56.436, 100, 2708, 16384, 59, 207.90
2026/01/31 04:38:26.442, 0, 4, 16384, 34, 5.20
2026/01/31 04:38:56.451, 0, 4, 16384, 28, 5.54
2026/01/31 04:39:26.460, 0, 4, 16384, 26, 5.02
2026/01/31 04:39:56.468, 0, 188, 16384, 35, 42.26
2026/01/31 04:40:26.474, 98, 2736, 16384, 77, 210.09
2026/01/31 04:40:56.481, 0, 4, 16384, 29, 5.07
2026/01/31 04:41:26.491, 9, 2732, 16384, 47, 52.95
2026/01/31 04:41:56.496, 100, 2722, 16384, 52, 199.46
2026/01/31 04:42:26.502, 0, 4, 16384, 35, 5.67
2026/01/31 04:42:56.511, 0, 4, 16384, 28, 5.05
2026/01/31 04:43:26.520, 0, 188, 16384, 36, 42.52
2026/01/31 04:43:56.525, 96, 2716, 16384, 74, 226.61
2026/01/31 04:44:26.531, 0, 4, 16384, 31, 5.36
2026/01/31 04:44:56.540, 52, 2676, 16384, 50, 120.15
2026/01/31 04:45:26.545, 0, 188, 16384, 30, 5.03
2026/01/31 04:45:56.554, 0, 4, 16384, 47, 44.54
2026/01/31 04:46:26.559, 0, 4, 16384, 29, 4.87
2026/01/31 04:46:56.568, 9, 2676, 16384, 45, 52.63
2026/01/31 04:47:26.573, 100, 2706, 16384, 55, 214.81
2026/01/31 04:47:56.578, 0, 4, 16384, 35, 5.47
2026/01/31 04:48:26.587, 0, 4, 16384, 28, 5.24
2026/01/31 04:48:56.596, 0, 188, 16384, 36, 43.10
2026/01/31 04:49:26.601, 97, 2716, 16384, 75, 216.00
2026/01/31 04:49:56.606, 0, 4, 16384, 30, 5.05
2026/01/31 04:50:26.614, 65, 2666, 16384, 54, 139.53
2026/01/31 04:50:56.619, 0, 188, 16384, 29, 4.95
2026/01/31 04:51:26.629, 0, 4, 16384, 38, 5.88
2026/01/31 04:51:56.640, 0, 4, 16384, 28, 5.20
2026/01/31 04:52:26.649, 0, 188, 16384, 37, 43.21
2026/01/31 04:52:56.654, 97, 2728, 16384, 71, 225.62
2026/01/31 04:53:26.660, 0, 4, 16384, 32, 5.16
2026/01/31 04:53:56.669, 0, 4, 16384, 27, 4.86
2026/01/31 04:54:26.681, 0, 188, 16384, 35, 42.53
2026/01/31 04:54:56.686, 97, 2714, 16384, 77, 215.00
2026/01/31 04:55:26.692, 0, 4, 16384, 30, 5.10
2026/01/31 04:55:56.701, 65, 2674, 16384, 52, 140.56
2026/01/31 04:56:26.706, 0, 188, 16384, 30, 4.70
2026/01/31 04:56:56.715, 0, 4, 16384, 44, 13.99
2026/01/31 04:57:26.724, 0, 4, 16384, 29, 4.80
2026/01/31 04:57:56.733, 0, 4, 16384, 26, 5.09
2026/01/31 04:58:26.741, 0, 188, 16384, 36, 42.67
2026/01/31 04:58:56.747, 97, 2714, 16384, 75, 212.07
2026/01/31 04:59:26.752, 0, 4, 16384, 30, 5.11
2026/01/31 04:59:56.760, 52, 2730, 16384, 50, 115.93
2026/01/31 05:00:26.765, 0, 188, 16384, 29, 5.65
2026/01/31 05:00:56.774, 0, 4, 16384, 40, 6.08
2026/01/31 05:01:26.784, 0, 4, 16384, 28, 5.14
2026/01/31 05:01:56.793, 0, 188, 16384, 38, 43.22
2026/01/31 05:02:26.798, 97, 2728, 16384, 70, 214.71
2026/01/31 05:02:56.806, 0, 4, 16384, 32, 9.83
2026/01/31 05:03:26.815, 0, 4, 16384, 27, 5.01
2026/01/31 05:03:56.824, 0, 188, 16384, 35, 42.92
2026/01/31 05:04:26.829, 7, 2720, 16384, 66, 63.82
2026/01/31 05:04:56.836, 0, 4, 16384, 29, 5.53
2026/01/31 05:05:26.844, 51, 2728, 16384, 50, 121.23
2026/01/31 05:05:56.849, 0, 188, 16384, 29, 5.00
2026/01/31 05:06:26.859, 0, 4, 16384, 41, 6.61
2026/01/31 05:06:56.868, 0, 4, 16384, 28, 5.18
2026/01/31 05:07:26.877, 0, 188, 16384, 39, 43.61
2026/01/31 05:07:56.881, 97, 2714, 16384, 66, 227.71
2026/01/31 05:08:26.887, 0, 4, 16384, 33, 5.63
2026/01/31 05:08:56.896, 0, 120, 16384, 28, 18.97
2026/01/31 05:09:26.901, 0, 188, 16384, 35, 42.81
2026/01/31 05:09:56.909, 7, 2710, 16384, 59, 60.31
2026/01/31 05:10:26.914, 0, 4, 16384, 29, 5.37
2026/01/31 05:10:56.923, 10, 188, 16384, 43, 44.02
2026/01/31 05:11:26.928, 100, 2708, 16384, 61, 218.39
2026/01/31 05:11:56.934, 0, 4, 16384, 34, 5.16
2026/01/31 05:12:26.943, 0, 4, 16384, 27, 5.77
2026/01/31 05:12:56.953, 0, 188, 16384, 35, 42.74
2026/01/31 05:13:26.957, 97, 2716, 16384, 77, 216.62
2026/01/31 05:13:56.963, 0, 4, 16384, 30, 5.31
2026/01/31 05:14:26.971, 0, 4, 16384, 27, 4.88
2026/01/31 05:14:56.980, 64, 2762, 16384, 53, 135.49
2026/01/31 05:15:26.985, 100, 2752, 16384, 44, 208.46
2026/01/31 05:15:56.994, 0, 4, 16384, 36, 5.48
2026/01/31 05:16:27.003, 0, 4, 16384, 28, 5.31
2026/01/31 05:16:57.013, 0, 188, 16384, 38, 43.27
2026/01/31 05:17:27.018, 97, 2738, 16384, 69, 219.93
2026/01/31 05:17:57.027, 0, 4, 16384, 32, 5.36
2026/01/31 05:18:27.036, 4, 2248, 16384, 30, 41.52
2026/01/31 05:18:57.041, 0, 188, 16384, 35, 42.27
2026/01/31 05:19:27.046, 7, 2720, 16384, 64, 62.92
2026/01/31 05:19:57.050, 0, 4, 16384, 29, 5.57
2026/01/31 05:20:27.059, 51, 2666, 16384, 49, 118.72
2026/01/31 05:20:57.064, 0, 188, 16384, 30, 5.28
2026/01/31 05:21:27.073, 0, 4, 16384, 42, 9.64
2026/01/31 05:21:57.081, 0, 4, 16384, 28, 4.99
2026/01/31 05:22:27.090, 0, 188, 16384, 38, 43.04
2026/01/31 05:22:57.095, 97, 2716, 16384, 70, 228.15
2026/01/31 05:23:27.101, 0, 4, 16384, 32, 5.18
2026/01/31 05:23:57.109, 0, 4, 16384, 27, 4.96
2026/01/31 05:24:27.118, 0, 188, 16384, 36, 42.41
2026/01/31 05:24:57.123, 97, 2728, 16384, 76, 227.54
2026/01/31 05:25:27.131, 0, 4, 16384, 30, 5.13
2026/01/31 05:25:57.139, 64, 2676, 16384, 54, 138.55
2026/01/31 05:26:27.145, 0, 188, 16384, 29, 5.24
2026/01/31 05:26:57.154, 0, 4, 16384, 39, 5.73
2026/01/31 05:27:27.163, 0, 4, 16384, 28, 5.48
2026/01/31 05:27:57.172, 0, 188, 16384, 40, 43.76
2026/01/31 05:28:27.177, 100, 2722, 16384, 61, 206.39
2026/01/31 05:28:57.182, 0, 4, 16384, 34, 5.09
2026/01/31 05:29:27.191, 0, 4, 16384, 27, 5.57
2026/01/31 05:29:57.200, 0, 188, 16384, 36, 42.62
2026/01/31 05:30:27.205, 97, 2716, 16384, 74, 225.90
2026/01/31 05:30:57.213, 0, 4, 16384, 31, 5.12
2026/01/31 05:31:27.222, 100, 2688, 16384, 57, 211.06
2026/01/31 05:31:57.231, 0, 188, 16384, 30, 5.43
2026/01/31 05:32:27.240, 0, 4, 16384, 47, 44.62
2026/01/31 05:32:57.245, 0, 4, 16384, 29, 5.43
2026/01/31 05:33:27.255, 0, 4, 16384, 26, 5.15
2026/01/31 05:33:57.264, 0, 188, 16384, 38, 43.01
2026/01/31 05:34:27.269, 96, 2728, 16384, 68, 229.56
2026/01/31 05:34:57.275, 0, 4, 16384, 33, 5.31
2026/01/31 05:35:27.283, 100, 2630, 16384, 40, 163.13
2026/01/31 05:35:57.288, 0, 188, 16384, 32, 5.04
2026/01/31 05:36:27.298, 7, 2718, 16384, 58, 60.41
2026/01/31 05:36:57.309, 0, 4, 16384, 29, 4.95
2026/01/31 05:37:27.318, 51, 2750, 16384, 49, 118.48
2026/01/31 05:37:57.323, 0, 188, 16384, 29, 5.47
2026/01/31 05:38:27.331, 0, 4, 16384, 43, 10.50
2026/01/31 05:38:57.341, 0, 4, 16384, 28, 5.07
2026/01/31 05:39:27.350, 10, 2680, 16384, 47, 53.99
2026/01/31 05:39:57.355, 100, 2708, 16384, 56, 218.86
2026/01/31 05:40:27.360, 0, 4, 16384, 35, 5.51
2026/01/31 05:40:57.369, 0, 4, 16384, 28, 5.64
2026/01/31 05:41:27.378, 0, 188, 16384, 37, 42.97
2026/01/31 05:41:57.383, 96, 2728, 16384, 71, 212.48
2026/01/31 05:42:27.389, 0, 4, 16384, 32, 5.41
2026/01/31 05:42:57.398, 100, 2686, 16384, 55, 212.06
2026/01/31 05:43:27.404, 0, 188, 16384, 30, 5.06
2026/01/31 05:43:57.412, 0, 4, 16384, 48, 44.68
2026/01/31 05:44:27.418, 0, 4, 16384, 29, 4.85
2026/01/31 05:44:57.427, 0, 188, 16384, 38, 43.47
2026/01/31 05:45:27.431, 97, 2728, 16384, 70, 220.52
2026/01/31 05:45:57.438, 0, 4, 16384, 32, 5.54
2026/01/31 05:46:27.448, 0, 4, 16384, 27, 5.27
2026/01/31 05:46:57.456, 0, 188, 16384, 36, 43.04
2026/01/31 05:47:27.461, 97, 2728, 16384, 75, 217.70
2026/01/31 05:47:57.467, 0, 4, 16384, 30, 5.04
2026/01/31 05:48:27.475, 64, 2730, 16384, 54, 138.23
2026/01/31 05:48:57.481, 100, 2722, 16384, 42, 209.82
2026/01/31 05:49:27.489, 0, 4, 16384, 36, 5.71
2026/01/31 05:49:57.498, 0, 4, 16384, 28, 5.42
2026/01/31 05:50:27.507, 0, 188, 16384, 36, 42.58
2026/01/31 05:50:57.512, 97, 2728, 16384, 76, 224.04
2026/01/31 05:51:27.520, 0, 4, 16384, 30, 5.23
2026/01/31 05:51:57.529, 0, 4, 16384, 27, 5.33
2026/01/31 05:52:27.537, 64, 2730, 16384, 52, 137.04
2026/01/31 05:52:57.542, 0, 2328, 16384, 31, 41.68
2026/01/31 05:53:27.547, 0, 4, 16384, 37, 5.38
2026/01/31 05:53:57.557, 0, 4, 16384, 28, 5.29
2026/01/31 05:54:27.566, 0, 188, 16384, 38, 42.99
2026/01/31 05:54:57.571, 97, 2728, 16384, 67, 211.70
2026/01/31 05:55:27.579, 0, 4, 16384, 33, 5.32
2026/01/31 05:55:57.588, 0, 4, 16384, 27, 5.02
2026/01/31 05:56:27.597, 0, 188, 16384, 35, 42.77
2026/01/31 05:56:57.602, 97, 2728, 16384, 76, 215.37
2026/01/31 05:57:27.608, 0, 4, 16384, 30, 5.06
2026/01/31 05:57:57.617, 65, 2728, 16384, 53, 137.52
2026/01/31 05:58:27.622, 33, 2090, 16384, 31, 42.18
2026/01/31 05:58:57.627, 0, 4, 16384, 37, 5.33
2026/01/31 05:59:27.636, 0, 4, 16384, 28, 4.99
2026/01/31 05:59:57.645, 0, 188, 16384, 40, 43.69
2026/01/31 06:00:27.650, 97, 2714, 16384, 63, 217.41
2026/01/31 06:00:57.655, 0, 4, 16384, 34, 5.34
2026/01/31 06:01:27.667, 0, 4, 16384, 27, 5.45
2026/01/31 06:01:57.676, 0, 188, 16384, 36, 42.70
2026/01/31 06:02:27.682, 97, 2716, 16384, 75, 226.10
2026/01/31 06:02:57.687, 0, 4, 16384, 31, 5.04
2026/01/31 06:03:27.697, 66, 2666, 16384, 53, 138.92
2026/01/31 06:03:57.702, 0, 188, 16384, 29, 5.04
2026/01/31 06:04:27.712, 0, 4, 16384, 40, 5.91
2026/01/31 06:04:57.721, 0, 4, 16384, 28, 5.02
2026/01/31 06:05:27.730, 0, 188, 16384, 37, 43.03
2026/01/31 06:05:57.735, 97, 2728, 16384, 73, 229.82
2026/01/31 06:06:27.743, 0, 4, 16384, 31, 4.91
2026/01/31 06:06:57.752, 100, 2686, 16384, 54, 214.39
2026/01/31 06:07:27.759, 0, 188, 16384, 31, 4.82
2026/01/31 06:07:57.768, 0, 4, 16384, 48, 44.62
2026/01/31 06:08:27.773, 0, 4, 16384, 29, 4.79
2026/01/31 06:08:57.782, 10, 2680, 16384, 48, 55.37
2026/01/31 06:09:27.786, 100, 2708, 16384, 53, 213.36
2026/01/31 06:09:57.796, 0, 4, 16384, 35, 5.71
2026/01/31 06:10:27.805, 0, 4, 16384, 28, 4.76
2026/01/31 06:10:57.814, 100, 2632, 16384, 54, 216.46
2026/01/31 06:11:27.823, 0, 188, 16384, 30, 5.32
2026/01/31 06:11:57.832, 0, 4, 16384, 47, 44.61
2026/01/31 06:12:27.837, 0, 4, 16384, 29, 5.36
2026/01/31 06:12:57.846, 0, 188, 16384, 38, 43.32
2026/01/31 06:13:27.850, 97, 2716, 16384, 69, 215.02
2026/01/31 06:13:57.856, 0, 4, 16384, 32, 5.28
2026/01/31 06:14:27.865, 13, 2248, 16384, 30, 41.62
2026/01/31 06:14:57.871, 0, 188, 16384, 32, 5.33
2026/01/31 06:15:27.880, 0, 186, 16384, 53, 44.94
2026/01/31 06:15:57.897, 0, 4, 16384, 29, 5.25
2026/01/31 06:16:27.906, 64, 2736, 16384, 55, 139.33
2026/01/31 06:16:57.911, 100, 2730, 16384, 44, 202.28
2026/01/31 06:17:27.917, 0, 4, 16384, 36, 5.91
2026/01/31 06:17:57.926, 0, 4, 16384, 28, 4.71
2026/01/31 06:18:27.934, 0, 188, 16384, 37, 43.11
2026/01/31 06:18:57.939, 96, 2752, 16384, 70, 226.63
2026/01/31 06:19:27.947, 0, 4, 16384, 32, 5.26
2026/01/31 06:19:57.956, 100, 2622, 16384, 41, 207.39
2026/01/31 06:20:27.963, 0, 188, 16384, 31, 4.72
2026/01/31 06:20:57.972, 0, 150, 16384, 51, 44.76
2026/01/31 06:21:27.978, 0, 4, 16384, 29, 4.85
2026/01/31 06:21:57.987, 0, 188, 16384, 39, 43.44
2026/01/31 06:22:27.992, 97, 2714, 16384, 66, 220.65
2026/01/31 06:22:57.998, 0, 4, 16384, 33, 5.00
2026/01/31 06:23:28.007, 33, 2230, 16384, 30, 41.87
2026/01/31 06:23:58.012, 0, 188, 16384, 32, 5.09
2026/01/31 06:24:28.021, 7, 2732, 16384, 56, 52.93
2026/01/31 06:24:58.026, 0, 4, 16384, 29, 5.10
2026/01/31 06:25:28.035, 0, 4, 16384, 26, 4.84
2026/01/31 06:25:58.044, 0, 188, 16384, 39, 43.35
2026/01/31 06:26:28.049, 97, 2728, 16384, 64, 216.38
2026/01/31 06:26:58.056, 0, 4, 16384, 34, 5.40
2026/01/31 06:27:28.065, 0, 4, 16384, 27, 5.09
2026/01/31 06:27:58.074, 0, 188, 16384, 35, 42.85
2026/01/31 06:28:28.079, 97, 2714, 16384, 76, 213.94
2026/01/31 06:28:58.085, 0, 4, 16384, 30, 5.17
2026/01/31 06:29:28.094, 100, 2622, 16384, 47, 200.55
2026/01/31 06:29:58.100, 0, 188, 16384, 32, 5.34
2026/01/31 06:30:28.109, 7, 2710, 16384, 55, 45.60
2026/01/31 06:30:58.114, 0, 4, 16384, 29, 5.11
2026/01/31 06:31:28.123, 0, 188, 16384, 40, 43.72
2026/01/31 06:31:58.127, 97, 2706, 16384, 66, 216.66
2026/01/31 06:32:28.137, 0, 4, 16384, 33, 5.00
2026/01/31 06:32:58.146, 0, 4, 16384, 27, 5.18
2026/01/31 06:33:28.155, 0, 188, 16384, 36, 43.30
2026/01/31 06:33:58.161, 97, 2714, 16384, 73, 213.98
2026/01/31 06:34:28.169, 0, 4, 16384, 31, 4.94
2026/01/31 06:34:58.177, 65, 2676, 16384, 53, 139.63
2026/01/31 06:35:28.183, 0, 188, 16384, 29, 5.01
2026/01/31 06:35:58.192, 0, 4, 16384, 40, 7.40
2026/01/31 06:36:28.201, 0, 4, 16384, 28, 5.01
2026/01/31 06:36:58.214, 0, 188, 16384, 38, 43.45
2026/01/31 06:37:28.219, 96, 2716, 16384, 70, 221.65
2026/01/31 06:37:58.224, 0, 4, 16384, 32, 5.06
2026/01/31 06:38:28.233, 99, 2632, 16384, 35, 122.94
2026/01/31 06:38:58.254, 0, 188, 16384, 33, 5.06
2026/01/31 06:39:28.263, 7, 2718, 16384, 60, 60.95
2026/01/31 06:39:58.273, 0, 4, 16384, 29, 4.95
2026/01/31 06:40:28.281, 0, 188, 16384, 43, 44.34
2026/01/31 06:40:58.286, 100, 2722, 16384, 61, 220.93
2026/01/31 06:41:28.292, 0, 4, 16384, 34, 5.54
2026/01/31 06:41:58.301, 0, 4, 16384, 27, 4.76
2026/01/31 06:42:28.309, 0, 188, 16384, 36, 42.56
2026/01/31 06:42:58.315, 97, 2694, 16384, 73, 213.80
2026/01/31 06:43:28.320, 0, 4, 16384, 31, 4.82
2026/01/31 06:43:58.329, 0, 4, 16384, 27, 5.13
2026/01/31 06:44:28.338, 10, 2732, 16384, 47, 53.34
2026/01/31 06:44:58.354, 100, 2722, 16384, 51, 210.28
2026/01/31 06:45:28.360, 0, 4, 16384, 36, 5.40
2026/01/31 06:45:58.369, 0, 4, 16384, 28, 5.27
2026/01/31 06:46:28.377, 0, 188, 16384, 38, 42.88
2026/01/31 06:46:58.382, 96, 2716, 16384, 68, 226.70
2026/01/31 06:47:28.387, 0, 4, 16384, 33, 5.18
2026/01/31 06:47:58.397, 0, 4, 16384, 27, 5.20
2026/01/31 06:48:28.406, 0, 188, 16384, 35, 42.84
2026/01/31 06:48:58.411, 97, 2714, 16384, 77, 221.69
2026/01/31 06:49:28.418, 0, 4, 16384, 30, 5.40
2026/01/31 06:49:58.427, 52, 2666, 16384, 52, 116.53
2026/01/31 06:50:28.431, 100, 2698, 16384, 38, 160.20
2026/01/31 06:50:58.437, 0, 4, 16384, 37, 5.37
2026/01/31 06:51:28.445, 0, 4, 16384, 28, 5.45
2026/01/31 06:51:58.454, 0, 188, 16384, 36, 42.80
2026/01/31 06:52:28.459, 96, 2714, 16384, 73, 223.26
2026/01/31 06:52:58.465, 0, 4, 16384, 31, 5.11
2026/01/31 06:53:28.474, 100, 2694, 16384, 48, 207.14
2026/01/31 06:53:58.479, 0, 188, 16384, 33, 5.14
2026/01/31 06:54:28.488, 7, 2740, 16384, 59, 61.31
2026/01/31 06:54:58.506, 0, 4, 16384, 29, 5.14
2026/01/31 06:55:28.515, 78, 2678, 16384, 55, 194.33
2026/01/31 06:55:58.522, 100, 2708, 16384, 46, 204.60
2026/01/31 06:56:28.528, 0, 4, 16384, 36, 5.75
2026/01/31 06:56:58.537, 0, 4, 16384, 28, 4.82
2026/01/31 06:57:28.549, 0, 188, 16384, 37, 42.88
2026/01/31 06:57:58.553, 97, 2706, 16384, 71, 214.20
2026/01/31 06:58:28.561, 0, 4, 16384, 32, 5.06
2026/01/31 06:58:58.569, 0, 4, 16384, 27, 4.95
2026/01/31 06:59:28.579, 0, 188, 16384, 35, 42.50
2026/01/31 06:59:58.583, 7, 2720, 16384, 59, 61.42
2026/01/31 07:00:28.589, 0, 4, 16384, 29, 5.31
2026/01/31 07:00:58.598, 0, 4, 16384, 26, 4.83
2026/01/31 07:01:28.607, 11, 2678, 16384, 45, 52.91
2026/01/31 07:01:58.612, 100, 2708, 16384, 55, 217.15
2026/01/31 07:02:28.617, 0, 4, 16384, 35, 6.05
2026/01/31 07:02:58.626, 0, 4, 16384, 28, 4.85
2026/01/31 07:03:28.635, 0, 188, 16384, 36, 43.32
2026/01/31 07:03:58.640, 97, 2728, 16384, 74, 214.78
2026/01/31 07:04:28.648, 0, 4, 16384, 31, 5.54
2026/01/31 07:04:58.657, 100, 2632, 16384, 54, 214.02
2026/01/31 07:05:28.662, 0, 188, 16384, 30, 5.73
2026/01/31 07:05:58.671, 0, 4, 16384, 49, 44.64
2026/01/31 07:06:28.676, 0, 4, 16384, 29, 4.82
2026/01/31 07:06:58.685, 0, 188, 16384, 38, 43.40
2026/01/31 07:07:28.689, 96, 2716, 16384, 68, 210.12
2026/01/31 07:07:58.697, 0, 4, 16384, 32, 4.91
2026/01/31 07:08:28.711, 0, 4, 16384, 27, 5.04
2026/01/31 07:08:58.720, 0, 188, 16384, 35, 41.87
2026/01/31 07:09:28.726, 7, 2720, 16384, 61, 62.08
2026/01/31 07:09:58.731, 0, 4, 16384, 29, 5.37
2026/01/31 07:10:28.740, 64, 2676, 16384, 54, 136.84
2026/01/31 07:10:58.745, 100, 2708, 16384, 43, 209.46
2026/01/31 07:11:28.769, 0, 4, 16384, 36, 5.24
2026/01/31 07:11:58.794, 0, 4, 16384, 28, 4.76
2026/01/31 07:12:28.802, 0, 188, 16384, 36, 42.46
2026/01/31 07:12:58.808, 97, 2728, 16384, 75, 227.14
2026/01/31 07:13:28.816, 0, 4, 16384, 31, 5.33
2026/01/31 07:13:58.824, 65, 2674, 16384, 51, 136.04
2026/01/31 07:14:28.829, 0, 188, 16384, 29, 5.19
2026/01/31 07:14:58.838, 0, 4, 16384, 41, 6.35
2026/01/31 07:15:28.847, 0, 4, 16384, 28, 5.17
2026/01/31 07:15:58.856, 0, 188, 16384, 38, 43.32
2026/01/31 07:16:28.862, 97, 2716, 16384, 67, 228.18
2026/01/31 07:16:58.867, 0, 4, 16384, 33, 5.03
2026/01/31 07:17:28.876, 21, 664, 16384, 29, 42.14
2026/01/31 07:17:58.881, 0, 188, 16384, 35, 42.73
2026/01/31 07:18:28.886, 97, 2706, 16384, 77, 219.45
2026/01/31 07:18:58.892, 0, 4, 16384, 30, 5.30
2026/01/31 07:19:28.901, 0, 4, 16384, 26, 5.26
2026/01/31 07:19:58.910, 0, 188, 16384, 37, 43.04
2026/01/31 07:20:28.914, 97, 2706, 16384, 71, 217.08
2026/01/31 07:20:58.930, 0, 4, 16384, 32, 5.14
2026/01/31 07:21:28.939, 100, 2632, 16384, 47, 203.33
2026/01/31 07:21:58.944, 0, 188, 16384, 31, 5.33
2026/01/31 07:22:28.953, 0, 150, 16384, 50, 44.67
2026/01/31 07:22:58.958, 0, 14, 16384, 30, 5.50
2026/01/31 07:23:28.964, 0, 188, 16384, 40, 43.51
2026/01/31 07:23:58.970, 97, 2716, 16384, 65, 223.13
2026/01/31 07:24:28.978, 0, 4, 16384, 34, 5.17
2026/01/31 07:24:58.988, 0, 4, 16384, 27, 5.00
2026/01/31 07:25:29.021, 0, 188, 16384, 35, 42.60
2026/01/31 07:25:59.027, 42, 2732, 16384, 71, 83.71
2026/01/31 07:26:29.031, 0, 4, 16384, 29, 5.24
2026/01/31 07:26:59.039, 11, 2678, 16384, 46, 53.23
2026/01/31 07:27:29.043, 100, 2708, 16384, 57, 210.44
2026/01/31 07:27:59.049, 0, 22, 16384, 36, 22.53
2026/01/31 07:28:29.054, 0, 4, 16384, 28, 5.58
2026/01/31 07:28:59.063, 0, 188, 16384, 36, 42.79
2026/01/31 07:29:29.068, 96, 2706, 16384, 74, 226.73
2026/01/31 07:29:59.074, 0, 4, 16384, 31, 5.91
2026/01/31 07:30:29.083, 65, 2666, 16384, 52, 134.64
2026/01/31 07:30:59.089, 0, 188, 16384, 29, 6.26
2026/01/31 07:31:29.097, 0, 4, 16384, 40, 6.59
2026/01/31 07:31:59.105, 0, 4, 16384, 28, 5.24
2026/01/31 07:32:29.114, 0, 188, 16384, 38, 43.61
2026/01/31 07:32:59.118, 97, 2714, 16384, 68, 223.49
2026/01/31 07:33:29.124, 0, 4, 16384, 32, 5.20
2026/01/31 07:33:59.132, 0, 2248, 16384, 30, 41.62
2026/01/31 07:34:29.137, 0, 188, 16384, 32, 5.26
2026/01/31 07:34:59.146, 29, 186, 16384, 54, 45.19
2026/01/31 07:35:29.152, 0, 4, 16384, 29, 5.65
2026/01/31 07:35:59.161, 0, 4, 16384, 26, 5.00
2026/01/31 07:36:29.168, 0, 188, 16384, 36, 42.62
2026/01/31 07:36:59.174, 97, 2694, 16384, 73, 218.38
2026/01/31 07:37:29.183, 0, 4, 16384, 31, 5.34
2026/01/31 07:37:59.191, 22, 766, 16384, 29, 41.88
2026/01/31 07:38:29.196, 0, 188, 16384, 35, 42.55
2026/01/31 07:38:59.201, 97, 2694, 16384, 77, 226.55
2026/01/31 07:39:29.223, 0, 4, 16384, 30, 5.46
2026/01/31 07:39:59.231, 64, 2656, 16384, 52, 138.95
2026/01/31 07:40:29.236, 0, 188, 16384, 30, 5.21
2026/01/31 07:40:59.244, 0, 4, 16384, 41, 9.42
2026/01/31 07:41:29.252, 0, 4, 16384, 28, 5.13
2026/01/31 07:41:59.261, 52, 2676, 16384, 51, 119.04
2026/01/31 07:42:29.265, 100, 2708, 16384, 43, 209.25
2026/01/31 07:42:59.288, 2, 4, 16384, 38, 42.87
2026/01/31 07:43:29.296, 0, 4, 16384, 28, 4.94
2026/01/31 07:43:59.305, 0, 188, 16384, 38, 43.26
2026/01/31 07:44:29.310, 98, 2706, 16384, 69, 220.38
2026/01/31 07:44:59.317, 0, 4, 16384, 33, 5.30
2026/01/31 07:45:29.326, 3, 2354, 16384, 31, 42.16
2026/01/31 07:45:59.331, 0, 188, 16384, 31, 5.08
2026/01/31 07:46:29.339, 0, 186, 16384, 53, 44.81
2026/01/31 07:46:59.348, 0, 4, 16384, 29, 4.99
2026/01/31 07:47:29.358, 0, 188, 16384, 39, 43.25
2026/01/31 07:47:59.364, 96, 2706, 16384, 68, 225.94
2026/01/31 07:48:29.369, 0, 4, 16384, 33, 5.07
2026/01/31 07:48:59.378, 0, 4, 16384, 27, 4.89
2026/01/31 07:49:29.387, 0, 188, 16384, 36, 42.60
2026/01/31 07:49:59.392, 97, 2694, 16384, 76, 210.90
2026/01/31 07:50:29.397, 0, 4, 16384, 30, 5.13
2026/01/31 07:50:59.405, 53, 2666, 16384, 51, 122.71
2026/01/31 07:51:29.410, 0, 188, 16384, 29, 5.17
2026/01/31 07:51:59.419, 0, 4, 16384, 40, 6.17
2026/01/31 07:52:29.428, 0, 4, 16384, 28, 5.06
2026/01/31 07:52:59.442, 3, 4, 16384, 28, 41.81
2026/01/31 07:53:29.447, 0, 188, 16384, 35, 42.28
2026/01/31 07:53:59.452, 97, 2714, 16384, 77, 225.51
2026/01/31 07:54:29.458, 0, 4, 16384, 30, 5.22
2026/01/31 07:54:59.466, 53, 2674, 16384, 51, 122.57
2026/01/31 07:55:29.471, 14, 836, 16384, 30, 42.24
2026/01/31 07:55:59.476, 0, 4, 16384, 38, 5.88
2026/01/31 07:56:29.485, 0, 4, 16384, 28, 5.01
2026/01/31 07:56:59.495, 0, 188, 16384, 36, 42.76
2026/01/31 07:57:29.500, 97, 2728, 16384, 74, 226.88
2026/01/31 07:57:59.505, 1, 4, 16384, 33, 42.10
2026/01/31 07:58:29.510, 59, 2686, 16384, 35, 104.06
2026/01/31 07:58:59.516, 0, 188, 16384, 31, 5.20
2026/01/31 07:59:29.525, 0, 186, 16384, 52, 44.78
2026/01/31 07:59:59.530, 0, 4, 16384, 29, 4.79
2026/01/31 08:00:29.538, 52, 2676, 16384, 50, 116.81
2026/01/31 08:00:59.545, 0, 188, 16384, 29, 4.91
2026/01/31 08:01:29.554, 0, 4, 16384, 41, 6.32
2026/01/31 08:01:59.563, 0, 4, 16384, 28, 5.08
2026/01/31 08:02:29.571, 0, 188, 16384, 38, 43.47
2026/01/31 08:02:59.575, 97, 2716, 16384, 68, 211.97
2026/01/31 08:03:29.583, 0, 4, 16384, 33, 5.14
2026/01/31 08:03:59.591, 20, 2248, 16384, 30, 41.51
2026/01/31 08:04:29.603, 0, 188, 16384, 35, 42.41
2026/01/31 08:04:59.607, 7, 2720, 16384, 64, 63.29
2026/01/31 08:05:29.612, 0, 4, 16384, 29, 5.36
2026/01/31 08:05:59.621, 53, 2674, 16384, 50, 121.99
2026/01/31 08:06:29.627, 0, 188, 16384, 29, 5.24
2026/01/31 08:06:59.636, 0, 4, 16384, 39, 6.20
2026/01/31 08:07:29.645, 0, 4, 16384, 28, 5.33
2026/01/31 08:07:59.653, 0, 188, 16384, 37, 43.24
2026/01/31 08:08:29.658, 97, 2714, 16384, 70, 225.17
2026/01/31 08:08:59.664, 0, 4, 16384, 32, 5.24
2026/01/31 08:09:29.673, 100, 2634, 16384, 52, 199.58
2026/01/31 08:09:59.679, 0, 188, 16384, 31, 5.31
2026/01/31 08:10:29.687, 31, 186, 16384, 54, 45.02
2026/01/31 08:10:59.692, 0, 4, 16384, 29, 4.96
2026/01/31 08:11:29.701, 0, 4, 16384, 26, 4.95
2026/01/31 08:11:59.710, 0, 188, 16384, 36, 42.98
2026/01/31 08:12:29.714, 96, 2706, 16384, 70, 213.64
2026/01/31 08:12:59.720, 0, 4, 16384, 32, 5.81
2026/01/31 08:13:29.729, 100, 2686, 16384, 48, 201.34
2026/01/31 08:13:59.734, 0, 188, 16384, 32, 5.39
2026/01/31 08:14:29.742, 7, 2732, 16384, 58, 61.62
2026/01/31 08:14:59.747, 0, 4, 16384, 29, 5.26
2026/01/31 08:15:29.756, 0, 188, 16384, 41, 43.62
2026/01/31 08:15:59.761, 100, 2686, 16384, 62, 212.47
2026/01/31 08:16:29.766, 0, 4, 16384, 34, 5.28
2026/01/31 08:16:59.775, 0, 4, 16384, 27, 5.19
2026/01/31 08:17:29.783, 0, 188, 16384, 35, 42.90
2026/01/31 08:17:59.790, 97, 2706, 16384, 77, 230.32
2026/01/31 08:18:29.797, 0, 4, 16384, 30, 4.91
2026/01/31 08:18:59.806, 65, 2674, 16384, 54, 139.97
2026/01/31 08:19:29.812, 29, 2050, 16384, 31, 42.24
2026/01/31 08:19:59.817, 0, 4, 16384, 37, 5.53
2026/01/31 08:20:29.826, 0, 4, 16384, 28, 4.95
2026/01/31 08:20:59.835, 0, 188, 16384, 36, 42.98
2026/01/31 08:21:29.840, 97, 2706, 16384, 75, 226.40
2026/01/31 08:21:59.845, 0, 4, 16384, 30, 5.28
2026/01/31 08:22:29.854, 51, 2674, 16384, 50, 124.39
2026/01/31 08:22:59.860, 0, 188, 16384, 32, 42.06
2026/01/31 08:23:29.864, 0, 4, 16384, 45, 10.28
2026/01/31 08:23:59.872, 0, 4, 16384, 29, 5.34
2026/01/31 08:24:29.880, 65, 2674, 16384, 52, 135.65
2026/01/31 08:24:59.885, 0, 188, 16384, 29, 4.90
2026/01/31 08:25:29.894, 0, 4, 16384, 39, 5.87
2026/01/31 08:25:59.903, 0, 4, 16384, 28, 5.11
2026/01/31 08:26:29.912, 0, 188, 16384, 37, 43.00
2026/01/31 08:26:59.917, 97, 2714, 16384, 71, 227.32
2026/01/31 08:27:29.928, 0, 4, 16384, 32, 5.27
2026/01/31 08:27:59.936, 100, 2622, 16384, 48, 204.95
2026/01/31 08:28:29.942, 0, 188, 16384, 31, 4.86
2026/01/31 08:28:59.950, 2, 4, 16384, 49, 44.69
2026/01/31 08:29:29.996, 0, 4, 16384, 29, 5.48
2026/01/31 08:30:00.004, 0, 4, 16384, 26, 5.32
2026/01/31 08:30:30.013, 0, 188, 16384, 36, 42.86
2026/01/31 08:31:00.018, 97, 2714, 16384, 72, 229.55
2026/01/31 08:31:30.024, 0, 4, 16384, 31, 5.01
2026/01/31 08:32:00.033, 64, 2738, 16384, 52, 137.35
2026/01/31 08:32:30.043, 0, 188, 16384, 30, 5.07
2026/01/31 08:33:00.052, 0, 4, 16384, 47, 44.65
2026/01/31 08:33:30.056, 0, 4, 16384, 29, 5.06
2026/01/31 08:34:00.065, 0, 188, 16384, 38, 43.38
2026/01/31 08:34:30.070, 96, 2706, 16384, 68, 212.88
2026/01/31 08:35:00.080, 0, 4, 16384, 33, 5.31
2026/01/31 08:35:30.089, 0, 4, 16384, 27, 5.26
2026/01/31 08:36:00.098, 0, 188, 16384, 36, 42.99
2026/01/31 08:36:30.103, 96, 2714, 16384, 72, 227.34
2026/01/31 08:37:00.108, 0, 4, 16384, 31, 5.96
2026/01/31 08:37:30.121, 0, 4, 16384, 27, 5.04
2026/01/31 08:38:00.130, 0, 188, 16384, 35, 42.55
2026/01/31 08:38:30.135, 97, 2706, 16384, 77, 217.63
2026/01/31 08:39:00.143, 0, 4, 16384, 30, 5.71
2026/01/31 08:39:30.152, 64, 2674, 16384, 54, 137.33
2026/01/31 08:40:00.156, 100, 2706, 16384, 47, 207.37
2026/01/31 08:40:30.165, 0, 4, 16384, 36, 5.67
2026/01/31 08:41:00.175, 0, 4, 16384, 28, 4.93
2026/01/31 08:41:30.183, 0, 188, 16384, 38, 43.38
2026/01/31 08:42:00.188, 97, 2716, 16384, 67, 228.82
2026/01/31 08:42:30.201, 0, 4, 16384, 33, 5.07
2026/01/31 08:43:00.210, 0, 4, 16384, 30, 41.97
2026/01/31 08:43:30.215, 0, 188, 16384, 35, 42.96
2026/01/31 08:44:00.220, 97, 2716, 16384, 78, 225.16
2026/01/31 08:44:30.232, 0, 4, 16384, 30, 5.16
2026/01/31 08:45:00.240, 61, 2728, 16384, 55, 141.07
2026/01/31 08:45:30.246, 0, 2328, 16384, 32, 41.69
2026/01/31 08:46:00.251, 0, 4, 16384, 37, 5.26
2026/01/31 08:46:30.261, 0, 4, 16384, 28, 5.13
2026/01/31 08:47:00.269, 0, 188, 16384, 36, 42.61
2026/01/31 08:47:30.274, 96, 2716, 16384, 73, 223.63
2026/01/31 08:48:00.281, 0, 4, 16384, 34, 42.19
2026/01/31 08:48:30.286, 0, 4, 16384, 27, 5.08
2026/01/31 08:49:00.294, 15, 188, 16384, 43, 44.77
2026/01/31 08:49:30.299, 100, 2686, 16384, 58, 219.63
2026/01/31 08:50:00.305, 0, 4, 16384, 34, 5.11
2026/01/31 08:50:30.314, 0, 4, 16384, 27, 5.34
2026/01/31 08:51:00.323, 0, 188, 16384, 37, 42.67
2026/01/31 08:51:30.327, 97, 2714, 16384, 70, 212.16
2026/01/31 08:52:00.333, 0, 4, 16384, 32, 4.83
2026/01/31 08:52:30.352, 0, 4, 16384, 27, 4.82
2026/01/31 08:53:00.361, 0, 188, 16384, 35, 42.62
2026/01/31 08:53:30.365, 98, 2718, 16384, 76, 207.30
2026/01/31 08:54:00.373, 0, 4, 16384, 29, 5.26
2026/01/31 08:54:30.381, 35, 2730, 16384, 51, 108.53
2026/01/31 08:55:00.386, 0, 188, 16384, 30, 5.05
2026/01/31 08:55:30.395, 0, 4, 16384, 49, 44.83
2026/01/31 08:56:00.400, 0, 4, 16384, 29, 5.11
2026/01/31 08:56:30.409, 0, 188, 16384, 42, 43.80
2026/01/31 08:57:00.414, 100, 2686, 16384, 58, 211.26
2026/01/31 08:57:30.420, 0, 4, 16384, 35, 5.60
2026/01/31 08:58:00.428, 0, 4, 16384, 31, 41.78
2026/01/31 08:58:30.433, 0, 188, 16384, 36, 42.81
2026/01/31 08:59:00.438, 97, 2716, 16384, 74, 215.86
2026/01/31 08:59:30.448, 0, 4, 16384, 30, 4.86
2026/01/31 09:00:00.456, 51, 2676, 16384, 49, 122.81
2026/01/31 09:00:30.461, 0, 188, 16384, 30, 4.87
2026/01/31 09:01:00.470, 0, 4, 16384, 44, 14.56
2026/01/31 09:01:30.478, 0, 4, 16384, 28, 5.16
2026/01/31 09:02:00.487, 11, 2678, 16384, 44, 52.25
2026/01/31 09:02:30.492, 100, 2708, 16384, 57, 212.96
2026/01/31 09:03:00.498, 0, 4, 16384, 38, 43.13
2026/01/31 09:03:30.504, 0, 4, 16384, 27, 4.99
2026/01/31 09:04:00.513, 0, 188, 16384, 36, 42.79
2026/01/31 09:04:30.518, 97, 2706, 16384, 75, 216.28
2026/01/31 09:05:00.523, 0, 4, 16384, 31, 5.11
2026/01/31 09:05:30.532, 0, 4, 16384, 27, 5.20
2026/01/31 09:06:00.541, 11, 2670, 16384, 44, 52.67
2026/01/31 09:06:30.545, 100, 2698, 16384, 58, 214.50
2026/01/31 09:07:00.550, 0, 4, 16384, 34, 5.12
2026/01/31 09:07:30.559, 0, 4, 16384, 27, 4.84
2026/01/31 09:08:00.568, 0, 188, 16384, 37, 42.83
2026/01/31 09:08:30.573, 96, 2706, 16384, 69, 215.18
2026/01/31 09:09:00.579, 0, 4, 16384, 32, 5.13
2026/01/31 09:09:30.588, 23, 1564, 16384, 29, 41.48
2026/01/31 09:10:00.593, 0, 188, 16384, 35, 42.27
2026/01/31 09:10:30.598, 94, 2710, 16384, 76, 210.73
2026/01/31 09:11:00.604, 0, 4, 16384, 29, 6.21
2026/01/31 09:11:30.615, 52, 2674, 16384, 50, 121.65
2026/01/31 09:12:00.620, 21, 1210, 16384, 31, 42.26
2026/01/31 09:12:30.626, 0, 4, 16384, 38, 5.87
2026/01/31 09:13:00.634, 0, 4, 16384, 31, 41.45
2026/01/31 09:13:30.639, 0, 188, 16384, 36, 42.88
2026/01/31 09:14:00.644, 97, 2706, 16384, 74, 222.76
2026/01/31 09:14:30.650, 0, 4, 16384, 31, 5.09
2026/01/31 09:15:00.658, 33, 2666, 16384, 51, 116.36
2026/01/31 09:15:30.663, 0, 188, 16384, 30, 5.13
2026/01/31 09:16:00.672, 0, 4, 16384, 49, 44.67
2026/01/31 09:16:30.677, 0, 4, 16384, 29, 5.26
2026/01/31 09:17:00.686, 0, 188, 16384, 40, 43.63
2026/01/31 09:17:30.691, 97, 2716, 16384, 66, 226.53
2026/01/31 09:18:00.698, 0, 4, 16384, 36, 43.09
2026/01/31 09:18:30.703, 0, 4, 16384, 27, 5.40
2026/01/31 09:19:00.711, 0, 188, 16384, 35, 42.72
2026/01/31 09:19:30.716, 97, 2706, 16384, 77, 216.54
2026/01/31 09:20:00.723, 0, 4, 16384, 29, 5.34
2026/01/31 09:20:30.732, 100, 2632, 16384, 49, 207.85
2026/01/31 09:21:00.741, 0, 188, 16384, 30, 5.21
2026/01/31 09:21:30.750, 0, 150, 16384, 50, 44.70
2026/01/31 09:22:00.758, 0, 4, 16384, 28, 4.84
2026/01/31 09:22:30.767, 0, 188, 16384, 40, 43.42
2026/01/31 09:23:00.772, 97, 2706, 16384, 65, 211.85
2026/01/31 09:23:30.778, 0, 4, 16384, 33, 5.47
2026/01/31 09:24:00.788, 0, 4, 16384, 27, 5.23
2026/01/31 09:24:30.796, 0, 4, 16384, 25, 4.77
2026/01/31 09:25:00.804, 0, 188, 16384, 35, 42.59
2026/01/31 09:25:30.809, 97, 2714, 16384, 75, 228.95
2026/01/31 09:26:00.817, 0, 4, 16384, 30, 5.34
2026/01/31 09:26:30.826, 65, 2666, 16384, 53, 138.43
2026/01/31 09:27:00.833, 0, 186, 16384, 29, 5.15
2026/01/31 09:27:30.843, 0, 4, 16384, 38, 6.22
2026/01/31 09:28:00.852, 0, 4, 16384, 31, 41.56
2026/01/31 09:28:30.858, 0, 188, 16384, 38, 43.13
2026/01/31 09:29:00.865, 97, 2714, 16384, 70, 216.41
2026/01/31 09:29:30.872, 0, 4, 16384, 32, 5.12
2026/01/31 09:30:00.882, 0, 4, 16384, 27, 5.02
2026/01/31 09:30:30.895, 0, 188, 16384, 35, 43.00
2026/01/31 09:31:00.900, 97, 2728, 16384, 76, 226.54
2026/01/31 09:31:30.907, 0, 4, 16384, 30, 5.20
2026/01/31 09:32:00.916, 64, 2666, 16384, 51, 134.81
2026/01/31 09:32:30.921, 0, 188, 16384, 30, 5.16
2026/01/31 09:33:00.929, 0, 4, 16384, 43, 15.37
2026/01/31 09:33:30.937, 0, 4, 16384, 28, 5.22
2026/01/31 09:34:00.948, 0, 188, 16384, 39, 43.35
2026/01/31 09:34:30.953, 96, 2716, 16384, 64, 216.47
2026/01/31 09:35:00.962, 0, 4, 16384, 34, 5.25
2026/01/31 09:35:30.971, 0, 4, 16384, 27, 4.91
2026/01/31 09:36:00.980, 0, 188, 16384, 35, 42.63
2026/01/31 09:36:30.984, 97, 2728, 16384, 75, 228.24
2026/01/31 09:37:00.992, 0, 4, 16384, 30, 4.91
2026/01/31 09:37:31.001, 65, 2666, 16384, 54, 139.71
2026/01/31 09:38:01.007, 0, 198, 16384, 32, 42.22
2026/01/31 09:38:31.012, 0, 4, 16384, 38, 5.43
2026/01/31 09:39:01.021, 0, 4, 16384, 28, 4.76
2026/01/31 09:39:31.030, 0, 188, 16384, 36, 42.42
2026/01/31 09:40:01.035, 97, 2714, 16384, 74, 228.58
2026/01/31 09:40:31.042, 0, 4, 16384, 31, 5.36
2026/01/31 09:41:01.051, 63, 2676, 16384, 52, 134.64
2026/01/31 09:41:31.056, 0, 188, 16384, 29, 5.32
2026/01/31 09:42:01.065, 0, 4, 16384, 40, 11.42
2026/01/31 09:42:31.073, 0, 4, 16384, 28, 4.78
2026/01/31 09:43:01.081, 0, 4, 16384, 27, 12.06
2026/01/31 09:43:31.090, 0, 188, 16384, 38, 43.25
2026/01/31 09:44:01.095, 95, 2728, 16384, 66, 227.88
2026/01/31 09:44:31.101, 0, 4, 16384, 33, 5.51
2026/01/31 09:45:01.111, 0, 4, 16384, 27, 5.37
2026/01/31 09:45:31.120, 0, 188, 16384, 36, 42.80
2026/01/31 09:46:01.124, 97, 2716, 16384, 74, 216.32
2026/01/31 09:46:31.130, 0, 4, 16384, 31, 4.96
2026/01/31 09:47:01.138, 65, 2656, 16384, 53, 137.60
2026/01/31 09:47:31.152, 0, 188, 16384, 29, 5.09
2026/01/31 09:48:01.161, 0, 4, 16384, 40, 5.62
2026/01/31 09:48:31.170, 0, 4, 16384, 28, 5.23
2026/01/31 09:49:01.178, 0, 188, 16384, 37, 43.04
2026/01/31 09:49:31.183, 96, 2716, 16384, 71, 228.74
2026/01/31 09:50:01.188, 0, 4, 16384, 32, 4.97
2026/01/31 09:50:31.202, 0, 4, 16384, 27, 5.19
2026/01/31 09:51:01.211, 0, 188, 16384, 35, 42.42
2026/01/31 09:51:31.218, 97, 2716, 16384, 76, 229.56
2026/01/31 09:52:01.223, 0, 4, 16384, 30, 5.02
2026/01/31 09:52:31.231, 66, 2666, 16384, 53, 138.08
2026/01/31 09:53:01.243, 0, 188, 16384, 32, 41.22
2026/01/31 09:53:31.248, 0, 4, 16384, 38, 5.78
2026/01/31 09:54:01.257, 0, 4, 16384, 28, 4.96
2026/01/31 09:54:31.266, 0, 188, 16384, 37, 42.74
2026/01/31 09:55:01.271, 97, 2716, 16384, 71, 227.66
2026/01/31 09:55:31.292, 0, 4, 16384, 32, 5.34
2026/01/31 09:56:01.301, 46, 2622, 16384, 33, 130.00
2026/01/31 09:56:31.307, 0, 188, 16384, 31, 5.45
2026/01/31 09:57:01.316, 0, 186, 16384, 52, 44.82
2026/01/31 09:57:31.322, 0, 4, 16384, 29, 4.90
2026/01/31 09:58:01.331, 0, 188, 16384, 40, 43.38
2026/01/31 09:58:31.336, 100, 2708, 16384, 62, 207.99
2026/01/31 09:59:01.342, 0, 4, 16384, 34, 5.34
2026/01/31 09:59:31.351, 0, 4, 16384, 27, 5.11
2026/01/31 10:00:01.364, 0, 4, 16384, 26, 5.03
2026/01/31 10:00:31.372, 0, 188, 16384, 34, 42.20
2026/01/31 10:01:01.377, 96, 2728, 16384, 77, 226.70
2026/01/31 10:01:31.383, 0, 4, 16384, 29, 4.96
2026/01/31 10:02:01.392, 51, 2666, 16384, 50, 122.49
2026/01/31 10:02:31.397, 0, 188, 16384, 30, 5.11
2026/01/31 10:03:01.405, 0, 4, 16384, 48, 44.59
2026/01/31 10:03:31.411, 0, 4, 16384, 28, 5.08
2026/01/31 10:04:01.420, 53, 2666, 16384, 51, 118.87
2026/01/31 10:04:31.435, 0, 188, 16384, 28, 5.12
2026/01/31 10:05:01.444, 0, 4, 16384, 38, 5.58
2026/01/31 10:05:31.456, 0, 4, 16384, 28, 4.90
2026/01/31 10:06:01.465, 0, 188, 16384, 37, 43.06
2026/01/31 10:06:31.470, 97, 2728, 16384, 71, 214.27
2026/01/31 10:07:01.479, 0, 4, 16384, 31, 5.01
2026/01/31 10:07:31.487, 2, 234, 16384, 28, 43.57
2026/01/31 10:08:01.492, 0, 188, 16384, 35, 42.50
2026/01/31 10:08:31.497, 7, 2720, 16384, 59, 61.49
2026/01/31 10:09:01.501, 0, 4, 16384, 29, 5.03
2026/01/31 10:09:31.511, 53, 2676, 16384, 51, 124.65
2026/01/31 10:10:01.516, 0, 2328, 16384, 31, 41.90
2026/01/31 10:10:31.521, 0, 4, 16384, 37, 5.55
2026/01/31 10:11:01.531, 0, 4, 16384, 28, 5.08
2026/01/31 10:11:31.539, 0, 188, 16384, 36, 42.93
2026/01/31 10:12:01.543, 97, 2716, 16384, 72, 225.83
2026/01/31 10:12:31.552, 0, 4, 16384, 31, 4.88
2026/01/31 10:13:01.561, 100, 2622, 16384, 53, 200.49
2026/01/31 10:13:31.566, 0, 188, 16384, 30, 5.07
2026/01/31 10:14:01.575, 0, 4, 16384, 47, 44.53
2026/01/31 10:14:31.580, 0, 4, 16384, 28, 5.28
2026/01/31 10:15:01.588, 0, 188, 16384, 39, 43.78
2026/01/31 10:15:31.594, 97, 2728, 16384, 65, 226.26
2026/01/31 10:16:01.600, 0, 4, 16384, 33, 4.98
2026/01/31 10:16:31.610, 0, 4, 16384, 27, 4.97
2026/01/31 10:17:01.618, 0, 188, 16384, 35, 42.38
2026/01/31 10:17:31.624, 97, 2728, 16384, 74, 217.43
2026/01/31 10:18:01.630, 0, 4, 16384, 31, 5.00
2026/01/31 10:18:31.639, 0, 4, 16384, 26, 5.27
2026/01/31 10:19:01.648, 0, 188, 16384, 41, 43.62
2026/01/31 10:19:31.652, 100, 2708, 16384, 61, 214.89
2026/01/31 10:20:01.659, 0, 4, 16384, 34, 5.13
2026/01/31 10:20:31.669, 0, 4, 16384, 27, 5.14
2026/01/31 10:21:01.677, 0, 188, 16384, 35, 42.86
2026/01/31 10:21:31.683, 96, 2716, 16384, 75, 223.58
2026/01/31 10:22:01.722, 0, 4, 16384, 30, 5.22
2026/01/31 10:22:31.732, 0, 4, 16384, 26, 4.93
2026/01/31 10:23:01.740, 0, 188, 16384, 35, 42.43
2026/01/31 10:23:31.745, 94, 2742, 16384, 76, 214.79
2026/01/31 10:24:01.751, 0, 4, 16384, 29, 5.15
2026/01/31 10:24:31.759, 65, 2738, 16384, 55, 138.80
2026/01/31 10:25:01.765, 39, 2730, 16384, 36, 124.54
2026/01/31 10:25:31.772, 0, 4, 16384, 36, 5.99
2026/01/31 10:26:01.780, 0, 4, 16384, 28, 5.14
2026/01/31 10:26:31.789, 0, 188, 16384, 39, 43.42
2026/01/31 10:27:01.793, 97, 2728, 16384, 64, 225.30
2026/01/31 10:27:31.812, 0, 4, 16384, 33, 5.09
2026/01/31 10:28:01.821, 0, 4, 16384, 28, 5.10
2026/01/31 10:28:31.830, 0, 188, 16384, 37, 43.01
2026/01/31 10:29:01.835, 97, 2738, 16384, 71, 215.81
2026/01/31 10:29:31.841, 0, 4, 16384, 32, 5.25
2026/01/31 10:30:01.849, 0, 4, 16384, 27, 5.36
2026/01/31 10:30:31.858, 0, 188, 16384, 35, 42.83
2026/01/31 10:31:01.864, 97, 2716, 16384, 74, 215.14
2026/01/31 10:31:31.873, 0, 4, 16384, 30, 4.95
2026/01/31 10:32:01.881, 49, 2728, 16384, 49, 109.42
2026/01/31 10:32:31.886, 0, 188, 16384, 30, 5.73
2026/01/31 10:33:01.895, 0, 4, 16384, 47, 44.61
2026/01/31 10:33:31.900, 0, 4, 16384, 28, 4.93
2026/01/31 10:34:01.909, 0, 188, 16384, 38, 43.31
2026/01/31 10:34:31.913, 97, 2728, 16384, 67, 214.97
2026/01/31 10:35:01.922, 0, 4, 16384, 33, 4.88
2026/01/31 10:35:31.932, 0, 4, 16384, 27, 5.31
2026/01/31 10:36:01.941, 0, 188, 16384, 35, 42.60
2026/01/31 10:36:31.946, 97, 2738, 16384, 76, 226.22
2026/01/31 10:37:01.954, 0, 4, 16384, 30, 4.79
2026/01/31 10:37:31.963, 0, 4, 16384, 26, 5.45
2026/01/31 10:38:01.972, 0, 188, 16384, 38, 43.21
2026/01/31 10:38:31.978, 97, 2714, 16384, 65, 214.51
2026/01/31 10:39:01.984, 0, 4, 16384, 33, 5.41
2026/01/31 10:39:31.992, 0, 4, 16384, 27, 5.28
2026/01/31 10:40:02.000, 0, 188, 16384, 35, 42.65
2026/01/31 10:40:32.005, 97, 2706, 16384, 76, 212.97
2026/01/31 10:41:02.012, 0, 4, 16384, 30, 4.78
2026/01/31 10:41:32.021, 65, 2676, 16384, 54, 136.58
2026/01/31 10:42:02.026, 0, 2328, 16384, 31, 41.96
2026/01/31 10:42:32.031, 0, 4, 16384, 37, 8.16
2026/01/31 10:43:02.040, 0, 4, 16384, 29, 5.36
2026/01/31 10:43:32.048, 0, 188, 16384, 36, 42.52
2026/01/31 10:44:02.053, 97, 2714, 16384, 74, 214.42
2026/01/31 10:44:32.059, 0, 4, 16384, 30, 4.89
2026/01/31 10:45:02.068, 67, 2666, 16384, 52, 142.13
2026/01/31 10:45:32.073, 0, 188, 16384, 29, 4.83
2026/01/31 10:46:02.082, 0, 4, 16384, 40, 7.27
2026/01/31 10:46:32.091, 0, 4, 16384, 28, 4.99
2026/01/31 10:47:02.100, 0, 188, 16384, 39, 43.38
2026/01/31 10:47:32.105, 97, 2706, 16384, 65, 214.61
2026/01/31 10:48:02.111, 0, 4, 16384, 34, 5.04
2026/01/31 10:48:32.120, 0, 4, 16384, 27, 4.85
2026/01/31 10:49:02.128, 0, 188, 16384, 36, 42.86
2026/01/31 10:49:32.134, 97, 2706, 16384, 73, 223.51
2026/01/31 10:50:02.139, 0, 4, 16384, 31, 5.07
2026/01/31 10:50:32.148, 0, 4, 16384, 27, 5.01
2026/01/31 10:51:02.157, 0, 188, 16384, 35, 42.34
2026/01/31 10:51:32.163, 95, 2720, 16384, 76, 197.03
2026/01/31 10:52:02.168, 0, 4, 16384, 29, 4.83
2026/01/31 10:52:32.178, 65, 2666, 16384, 54, 136.26
2026/01/31 10:53:02.184, 100, 2698, 16384, 43, 201.55
2026/01/31 10:53:32.189, 0, 4, 16384, 36, 5.20
2026/01/31 10:54:02.203, 0, 4, 16384, 27, 5.26
2026/01/31 10:54:32.211, 0, 188, 16384, 37, 42.77
2026/01/31 10:55:02.216, 97, 2706, 16384, 71, 224.46
2026/01/31 10:55:32.221, 0, 4, 16384, 31, 4.84
2026/01/31 10:56:02.229, 0, 4, 16384, 27, 5.07
2026/01/31 10:56:32.238, 10, 2678, 16384, 45, 52.82
2026/01/31 10:57:02.243, 100, 2708, 16384, 56, 209.78
2026/01/31 10:57:32.248, 0, 4, 16384, 35, 4.88
2026/01/31 10:58:02.259, 0, 4, 16384, 28, 4.99
2026/01/31 10:58:32.268, 0, 188, 16384, 36, 42.60
2026/01/31 10:59:02.275, 97, 2714, 16384, 73, 215.23
2026/01/31 10:59:32.281, 0, 4, 16384, 31, 5.59
2026/01/31 11:00:02.289, 51, 2676, 16384, 50, 118.93
2026/01/31 11:00:32.295, 0, 188, 16384, 30, 5.11
2026/01/31 11:01:02.304, 0, 4, 16384, 49, 44.64
2026/01/31 11:01:32.309, 0, 4, 16384, 29, 5.07
2026/01/31 11:02:02.318, 0, 188, 16384, 41, 43.66
2026/01/31 11:02:32.323, 100, 2720, 16384, 61, 222.34
2026/01/31 11:03:02.332, 0, 4, 16384, 35, 5.11
2026/01/31 11:03:32.341, 0, 4, 16384, 27, 5.39
2026/01/31 11:04:02.350, 0, 188, 16384, 35, 42.32
2026/01/31 11:04:32.355, 96, 2714, 16384, 75, 222.40
2026/01/31 11:05:02.360, 0, 4, 16384, 30, 5.15
2026/01/31 11:05:32.375, 0, 4, 16384, 26, 4.81
2026/01/31 11:06:02.384, 0, 188, 16384, 35, 42.74
2026/01/31 11:06:32.389, 9, 2718, 16384, 66, 63.46
2026/01/31 11:07:02.395, 0, 4, 16384, 29, 5.08
2026/01/31 11:07:32.404, 66, 2728, 16384, 52, 137.26
2026/01/31 11:08:02.409, 0, 188, 16384, 31, 12.40
2026/01/31 11:08:32.418, 0, 4, 16384, 40, 5.34
2026/01/31 11:09:02.427, 0, 4, 16384, 28, 4.96
2026/01/31 11:09:32.436, 0, 188, 16384, 38, 43.08
2026/01/31 11:10:02.441, 97, 2716, 16384, 67, 229.33
2026/01/31 11:10:32.447, 0, 4, 16384, 32, 5.07
2026/01/31 11:11:02.456, 0, 14, 16384, 27, 10.70
2026/01/31 11:11:32.478, 0, 188, 16384, 35, 42.57
2026/01/31 11:12:02.483, 96, 2728, 16384, 76, 211.54
2026/01/31 11:12:32.489, 0, 4, 16384, 29, 4.81
2026/01/31 11:13:02.497, 64, 2676, 16384, 54, 138.51
2026/01/31 11:13:32.503, 0, 2328, 16384, 31, 41.43
2026/01/31 11:14:02.509, 0, 4, 16384, 36, 5.68
2026/01/31 11:14:32.518, 0, 4, 16384, 27, 5.20
2026/01/31 11:15:02.527, 100, 2696, 16384, 43, 202.74
2026/01/31 11:15:32.532, 0, 188, 16384, 30, 5.60
2026/01/31 11:16:02.541, 0, 150, 16384, 50, 44.67
2026/01/31 11:16:32.547, 0, 4, 16384, 28, 4.89
2026/01/31 11:17:02.555, 51, 2730, 16384, 50, 124.15
2026/01/31 11:17:32.561, 0, 188, 16384, 29, 5.01
2026/01/31 11:18:02.570, 0, 4, 16384, 40, 6.01
2026/01/31 11:18:32.579, 0, 4, 16384, 28, 5.24
2026/01/31 11:19:02.587, 0, 188, 16384, 41, 43.82
2026/01/31 11:19:32.592, 100, 2722, 16384, 60, 211.46
2026/01/31 11:20:02.598, 0, 4, 16384, 34, 5.86
2026/01/31 11:20:32.607, 0, 4, 16384, 27, 4.92
2026/01/31 11:21:02.616, 0, 188, 16384, 35, 42.86
2026/01/31 11:21:32.621, 97, 2728, 16384, 75, 226.72
2026/01/31 11:22:02.627, 0, 4, 16384, 30, 5.02
2026/01/31 11:22:32.635, 63, 2738, 16384, 53, 137.18
2026/01/31 11:23:02.641, 0, 188, 16384, 30, 4.96
2026/01/31 11:23:32.650, 0, 4, 16384, 39, 6.00
2026/01/31 11:24:02.659, 0, 4, 16384, 28, 4.87
2026/01/31 11:24:32.668, 10, 2732, 16384, 45, 53.14
2026/01/31 11:25:02.672, 100, 2720, 16384, 54, 211.74
2026/01/31 11:25:32.678, 0, 4, 16384, 35, 5.20
2026/01/31 11:26:02.686, 0, 4, 16384, 27, 4.96
2026/01/31 11:26:32.695, 0, 188, 16384, 37, 42.88
2026/01/31 11:27:02.700, 96, 2728, 16384, 69, 213.47
2026/01/31 11:27:32.707, 0, 4, 16384, 32, 5.40
2026/01/31 11:28:02.716, 46, 2708, 16384, 38, 171.96
2026/01/31 11:28:32.755, 0, 188, 16384, 31, 6.61
2026/01/31 11:29:02.764, 0, 186, 16384, 51, 44.81
2026/01/31 11:29:32.782, 0, 4, 16384, 28, 4.86
2026/01/31 11:30:02.791, 65, 2728, 16384, 53, 136.62
2026/01/31 11:30:32.797, 7, 2328, 16384, 31, 41.99
2026/01/31 11:31:02.802, 0, 4, 16384, 37, 5.86
2026/01/31 11:31:32.812, 0, 4, 16384, 27, 4.95
2026/01/31 11:32:02.820, 0, 188, 16384, 37, 43.10
2026/01/31 11:32:32.825, 97, 2728, 16384, 70, 225.34
2026/01/31 11:33:02.831, 0, 4, 16384, 32, 4.99
2026/01/31 11:33:32.840, 0, 4, 16384, 27, 5.13
2026/01/31 11:34:02.849, 64, 2740, 16384, 53, 137.90
2026/01/31 11:34:32.854, 81, 2732, 16384, 39, 198.69
2026/01/31 11:35:02.859, 0, 4, 16384, 36, 5.36
2026/01/31 11:35:32.867, 0, 4, 16384, 27, 4.70
2026/01/31 11:36:02.876, 0, 188, 16384, 37, 42.85
2026/01/31 11:36:32.881, 97, 2728, 16384, 68, 218.48
2026/01/31 11:37:02.886, 0, 4, 16384, 32, 5.23
2026/01/31 11:37:32.896, 0, 4, 16384, 27, 5.20
2026/01/31 11:38:02.904, 0, 188, 16384, 35, 42.49
2026/01/31 11:38:32.909, 97, 2750, 16384, 76, 227.19
2026/01/31 11:39:02.915, 0, 4, 16384, 29, 4.74
2026/01/31 11:39:32.923, 51, 2728, 16384, 50, 121.98
2026/01/31 11:40:02.928, 0, 188, 16384, 29, 4.68
2026/01/31 11:40:32.937, 0, 4, 16384, 40, 5.51
2026/01/31 11:41:02.946, 0, 4, 16384, 28, 4.86
2026/01/31 11:41:32.955, 0, 188, 16384, 37, 42.55
2026/01/31 11:42:02.962, 97, 2738, 16384, 71, 221.75
2026/01/31 11:42:32.967, 0, 4, 16384, 31, 5.19
2026/01/31 11:43:02.976, 100, 2694, 16384, 51, 220.03
2026/01/31 11:43:32.981, 0, 188, 16384, 30, 4.95
2026/01/31 11:44:02.990, 0, 150, 16384, 50, 44.76
2026/01/31 11:44:32.996, 0, 4, 16384, 29, 5.01
2026/01/31 11:45:03.006, 30, 188, 16384, 42, 44.26
2026/01/31 11:45:33.011, 100, 2732, 16384, 57, 210.51
2026/01/31 11:46:03.026, 0, 4, 16384, 34, 5.76
2026/01/31 11:46:33.035, 0, 4, 16384, 27, 4.93
2026/01/31 11:47:03.044, 0, 188, 16384, 35, 42.56
2026/01/31 11:47:33.049, 96, 2736, 16384, 76, 216.24
2026/01/31 11:48:03.056, 0, 4, 16384, 30, 5.14
2026/01/31 11:48:33.065, 56, 2694, 16384, 33, 136.20
2026/01/31 11:49:03.070, 0, 188, 16384, 35, 42.35
2026/01/31 11:49:33.075, 7, 2740, 16384, 60, 60.85
2026/01/31 11:50:03.080, 0, 4, 16384, 29, 5.09
2026/01/31 11:50:33.089, 52, 2752, 16384, 50, 124.41
2026/01/31 11:51:03.094, 0, 188, 16384, 29, 4.98
2026/01/31 11:51:33.103, 0, 4, 16384, 40, 9.93
2026/01/31 11:52:03.112, 0, 4, 16384, 28, 4.86
2026/01/31 11:52:33.125, 0, 4, 16384, 26, 4.81
2026/01/31 11:53:03.134, 0, 188, 16384, 35, 42.76
2026/01/31 11:53:33.138, 97, 2728, 16384, 76, 218.17
2026/01/31 11:54:03.144, 0, 4, 16384, 29, 5.44
2026/01/31 11:54:33.152, 100, 2686, 16384, 55, 209.25
2026/01/31 11:55:03.157, 0, 188, 16384, 30, 5.27
2026/01/31 11:55:33.166, 0, 4, 16384, 47, 44.48
2026/01/31 11:56:03.171, 0, 4, 16384, 28, 4.96
2026/01/31 11:56:33.180, 0, 188, 16384, 39, 43.10
2026/01/31 11:57:03.185, 97, 2738, 16384, 65, 225.48
2026/01/31 11:57:33.192, 0, 4, 16384, 33, 5.16
2026/01/31 11:58:03.201, 0, 4, 16384, 28, 5.29
2026/01/31 11:58:33.211, 0, 188, 16384, 36, 42.94
2026/01/31 11:59:03.216, 96, 2738, 16384, 73, 226.17
2026/01/31 11:59:33.222, 0, 4, 16384, 30, 4.97
2026/01/31 12:00:03.231, 100, 2696, 16384, 48, 202.64
2026/01/31 12:00:33.237, 0, 188, 16384, 32, 4.97
2026/01/31 12:01:03.246, 7, 2742, 16384, 55, 45.64
2026/01/31 12:01:33.251, 0, 4, 16384, 29, 5.22
2026/01/31 12:02:03.260, 65, 2752, 16384, 54, 140.23
2026/01/31 12:02:33.266, 0, 2744, 16384, 32, 41.82
2026/01/31 12:03:03.272, 0, 4, 16384, 37, 5.77
2026/01/31 12:03:33.280, 0, 4, 16384, 28, 4.93
2026/01/31 12:04:03.289, 0, 188, 16384, 38, 43.51
2026/01/31 12:04:33.294, 97, 2750, 16384, 66, 227.97
2026/01/31 12:05:03.299, 0, 4, 16384, 33, 5.05
2026/01/31 12:05:33.310, 0, 4, 16384, 27, 4.96
2026/01/31 12:06:03.319, 0, 188, 16384, 36, 42.66
2026/01/31 12:06:33.324, 97, 2728, 16384, 73, 226.15
